feature,importance
num__ct_state_ttl,0.14989932903951875
num__sttl,0.1412760324287519
num__sbytes,0.06601223219089714
num__dload,0.06195967514494833
num__dmean,0.05592303571153766
num__dttl,0.04248387735999307
num__dpkts,0.03956388882868243
cat__state_int,0.037618641675940215
num__smean,0.03719691844344548
num__dinpkt,0.03650366647066535
num__dur,0.0357158926816501
num__sload,0.03436440515108456
num__ackdat,0.0320246167683594
num__dbytes,0.025567338760070515
num__tcprtt,0.022243285489202375
num__synack,0.017584581231560363
num__sinpkt,0.016677934811851803
num__ct_dst_sport_ltm,0.012110865791673017
num__sloss,0.011247570704251976
num__ct_src_ltm,0.010952605552909746
num__dloss,0.010608010279880469
num__sjit,0.009967284484973006
num__ct_dst_ltm,0.009389941040117793
num__ct_srv_dst,0.007654080301484468
num__ct_srv_src,0.007586215915799017
num__spkts,0.007236143108958502
num__ct_src_dport_ltm,0.006913547478577644
num__djit,0.005672583374750678
num__stcpb,0.00441837934569787
cat__state_con,0.0042681014514013
num__dwin,0.004216483291142907
num__swin,0.004215458645167104
num__ct_dst_src_ltm,0.003538080022074349
cat__service_dns,0.0032588990322652083
cat__ct_ftp_cmd_,0.0027961150319754683
cat__proto_udp,0.002753621493662272
cat__ct_flw_http_mthd_0.0,0.002663135627558934
num__dtcpb,0.0019166825746703246
cat__is_ftp_login_unknown,0.0017529489813653903
cat__service_-,0.0017092737616843687
cat__state_fin,0.0015161382144484442
cat__ct_flw_http_mthd_unknown,0.0013583518501127647
cat__is_ftp_login_0.0,0.0012469741258434857
cat__proto_tcp,0.0011359388120323654
cat__ct_ftp_cmd_0,0.0009159181552171718
cat__proto_unas,0.0007369713514022184
cat__proto_arp,0.00047401627636122206
num__response_body_len,0.00042176674816214564
num__is_sm_ips_ports,0.00039715603770873887
cat__state_req,0.0003398801390445804
cat__ct_flw_http_mthd_1.0,0.00032972680139910785
cat__service_ftp-data,0.0002828383417652446
cat__proto_sctp,0.00024868527581701057
num__trans_depth,0.00019732280281031223
cat__proto_ospf,0.00018721221326639673
cat__service_http,0.0001687986957270276
cat__service_pop3,0.00012294318177057974
cat__service_smtp,7.306970232503201e-05
cat__proto_icmp,5.9188073333107615e-05
cat__state_eco,4.252501967661855e-05
cat__is_ftp_login_1.0,4.119522845744388e-05
cat__service_ftp,3.910914395457337e-05
cat__service_dhcp,3.574831409470408e-05
cat__proto_swipe,2.0048538606996187e-05
cat__service_ssh,1.9298323370008634e-05
cat__proto_sun-nd,1.5217582972131198e-05
cat__proto_mobile,1.48468702630732e-05
cat__proto_igmp,1.285908963081648e-05
cat__state_rst,1.0357335573404533e-05
cat__ct_flw_http_mthd_6.0,1.0005089875595525e-05
cat__proto_st2,7.88370026408786e-06
cat__ct_flw_http_mthd_4.0,6.14427992127163e-06
cat__ct_ftp_cmd_1,4.7857743855384145e-06
cat__proto_rvd,4.371915699383157e-06
cat__state_urh,3.6797267242537334e-06
cat__service_ssl,3.39092366410447e-06
cat__proto_egp,2.9280041626159893e-06
cat__proto_rsvp,2.5154581272118914e-06
cat__proto_cbt,2.2635340149653037e-06
cat__proto_any,2.158025924847001e-06
cat__proto_ipv6,1.818864980417056e-06
cat__proto_micp,1.6417092922549623e-06
cat__ct_flw_http_mthd_9.0,1.6150585556626975e-06
cat__service_radius,1.5357400406982948e-06
cat__proto_pim,1.1720931804749382e-06
cat__ct_flw_http_mthd_2.0,1.061787646492529e-06
cat__state_par,9.96606014336986e-07
cat__proto_wb-expak,9.659404451060388e-07
cat__ct_flw_http_mthd_16.0,9.457955190941308e-07
cat__service_snmp,8.514044887669786e-07
cat__proto_mux,8.329848211129947e-07
cat__proto_ipx-n-ip,8.17786608444169e-07
cat__proto_wsn,6.774140414255995e-07
cat__proto_pup,6.23171098418092e-07
cat__proto_ttp,5.752292201203523e-07
cat__state_tst,4.892457502789374e-07
cat__proto_rtp,4.3916555774756747e-07
cat__proto_i-nlsp,4.080968644694725e-07
cat__state_acc,4.0674589640140246e-07
cat__proto_igp,4.018447012976613e-07
cat__proto_sep,4.0164084171064177e-07
cat__proto_merit-inp,3.7838367367660787e-07
cat__ct_flw_http_mthd_3.0,3.301921021945453e-07
cat__is_ftp_login_4.0,3.0820996815416896e-07
cat__state_no,3.03425511381889e-07
cat__ct_flw_http_mthd_12.0,2.987020503435093e-07
cat__proto_ptp,2.9795890126385366e-07
cat__ct_ftp_cmd_4,2.9529179743316545e-07
cat__state_ecr,2.948903330382772e-07
cat__proto_fire,2.270072750929607e-07
cat__state_urn,2.2486087245634618e-07
cat__ct_flw_http_mthd_30.0,1.7280151719165408e-07
cat__proto_tlsp,1.4692048283572296e-07
cat__state_txd,1.3570173469430028e-07
cat__state_mas,1.2057539584287342e-07
cat__proto_visa,1.129017318078192e-07
cat__proto_argus,1.0377173726858734e-07
cat__proto_gre,9.211709486401417e-08
cat__proto_nvp,8.79140512440191e-08
cat__proto_secure-vmtp,8.688077964735904e-08
cat__proto_vrrp,8.685006853012262e-08
cat__proto_rdp,8.603047888251848e-08
cat__ct_ftp_cmd_5,8.42169954758802e-08
cat__proto_iso-ip,7.956579540172974e-08
cat__proto_cphb,7.91972677829509e-08
cat__proto_iplt,6.817763322791214e-08
cat__state_clo,6.678604950625413e-08
cat__ct_flw_http_mthd_25.0,6.642410920620272e-08
cat__proto_pri-enc,6.612392257087862e-08
cat__proto_idpr,6.154524474015012e-08
cat__proto_vmtp,5.757320206506437e-08
cat__proto_cpnx,5.3788134055542824e-08
cat__proto_a/n,5.2530135796358163e-08
cat__proto_sat-mon,5.206186230833686e-08
cat__proto_uti,4.79993555548271e-08
cat__proto_bna,4.736606923833823e-08
cat__proto_pipe,4.495540431789856e-08
cat__proto_dcn,3.83044818025521e-08
cat__proto_dgp,3.318413404298377e-08
cat__proto_br-sat-mon,2.9904568982969596e-08
cat__proto_ddx,2.8970894019832474e-08
cat__proto_aes-sp3-d,2.395299596757922e-08
cat__proto_bbn-rcc,2.3610241869500395e-08
cat__proto_larp,2.2839665227294214e-08
cat__proto_3pc,2.1935288040063074e-08
cat__proto_pgm,2.1805956029916154e-08
cat__proto_trunk-2,2.050283152468825e-08
cat__proto_ippc,1.9999595118286732e-08
cat__proto_narp,1.9214089715207186e-08
cat__proto_isis,1.7539014776604792e-08
cat__proto_ip,1.7391340861537744e-08
cat__proto_emcon,1.7187676060411244e-08
cat__proto_cftp,1.6928710751596275e-08
cat__proto_prm,1.6812340653182113e-08
cat__proto_fc,1.477420773226517e-08
cat__proto_mfe-nsp,1.4186811381437549e-08
cat__proto_snp,1.3213223832744013e-08
cat__proto_mtp,1.304961859833303e-08
cat__proto_xnet,1.2360874885368851e-08
cat__proto_sm,1.1491954766997351e-08
cat__proto_sccopmce,9.570288004073873e-09
cat__proto_pnni,8.614003497458952e-09
cat__proto_chaos,8.488363219311012e-09
cat__proto_sprite-rpc,6.805272712628991e-09
cat__proto_ddp,6.166246793008786e-09
cat__proto_leaf-2,5.964887516701712e-09
cat__proto_nsfnet-igp,5.0344358571539375e-09
cat__service_irc,4.775525961586669e-09
cat__proto_netblt,4.490225824657202e-09
cat__proto_kryptolan,4.44853982873155e-09
cat__proto_idpr-cmtp,4.3003520331919995e-09
cat__proto_l2tp,4.0698767453386294e-09
cat__proto_ipv6-no,3.9414139634953185e-09
cat__proto_trunk-1,3.772296041751899e-09
cat__proto_tp++,3.6905930152613445e-09
cat__proto_il,3.6514486129621045e-09
cat__proto_zero,3.015118068700691e-09
cat__proto_ib,2.702449366680238e-09
cat__proto_irtp,2.6171879698848143e-09
cat__proto_ipnip,2.3893918866926504e-09
cat__proto_mhrp,2.225887805498251e-09
cat__ct_flw_http_mthd_14.0,2.1287782318727414e-09
cat__proto_etherip,2.103643449767269e-09
cat__proto_iso-tp4,1.911139433555489e-09
cat__proto_ipv6-opts,1.7098459415564428e-09
cat__proto_srp,1.6412398357846282e-09
cat__proto_xns-idp,1.4198414477119169e-09
cat__proto_udt,1.2426626177323102e-09
cat__ct_flw_http_mthd_10.0,1.1006854219724156e-09
cat__proto_qnx,1.0948845189768344e-09
cat__proto_idrp,9.807742067032841e-10
cat__proto_sps,9.302105718951426e-10
cat__proto_tcf,8.922896366655395e-10
cat__ct_ftp_cmd_2,7.386996490051152e-10
cat__proto_sdrp,7.19045714409201e-10
cat__proto_smp,5.463331941616867e-10
cat__proto_ggp,5.279393576793496e-10
cat__proto_scps,5.052911146896429e-10
cat__proto_iatp,4.939583819126013e-10
cat__proto_ipip,4.894335084958397e-10
cat__proto_aris,2.875681483959788e-10
cat__proto_ifmp,2.60457099858034e-10
cat__proto_encap,2.5965960568594145e-10
cat__proto_eigrp,2.5949295820655896e-10
cat__proto_ipv6-route,2.2459578951974865e-10
cat__proto_ipcv,2.1809543000764425e-10
cat__proto_pvp,1.936303204492571e-10
cat__proto_sat-expak,1.9003843885617716e-10
cat__proto_leaf-1,1.8208630674595956e-10
cat__proto_crudp,1.5112479856832815e-10
cat__proto_wb-mon,1.3062105227926796e-10
cat__proto_stp,1.1799084114174328e-10
cat__proto_compaq-peer,8.555871749684133e-11
cat__proto_xtp,6.424399081882136e-11
cat__proto_hmp,3.865339634081188e-11
cat__proto_ipv6-frag,3.4315757468619554e-11
cat__proto_crtp,1.7366365284047036e-11
cat__ct_flw_http_mthd_36.0,1.5087233533977018e-11
cat__ct_flw_http_mthd_8.0,9.578060279029242e-12
cat__proto_ipcomp,3.9381809175774965e-12
cat__ct_ftp_cmd_6,1.4459321542046323e-12
cat__ct_flw_http_mthd_5.0,4.883787043908715e-13
cat__proto_gmtp,3.9804369701241276e-13
cat__proto_ax.25,7.585901883736951e-14
cat__is_ftp_login_2.0,5.6165527357677707e-14
cat__ct_ftp_cmd_3,6.872927033244542e-18
cat__ct_ftp_cmd_8,2.2769657880042177e-18
cat__proto_skip,0.0
cat__proto_vines,0.0
